Workbook
Name SegmentaçãodeDados_Cliente: #N/A
Name SegmentaçãodeDados_Funcionário: #N/A
Name SegmentaçãodeDados_Produto_vendido: #N/A

Sheet Vendas
A1: Funcionário | B1: Cliente | C1: Produto vendido | D1: Data | E1: Quantidade | F1: Total Vendas
A2: João Campos | B2: Elaine | C2: Calça | D2: 43720 | E2: 1 | F2: =_xlfn.XLOOKUP(Tabela1[[#This Row],[Produto vendido]],'Tabela de Preços'!A:A,'Tabela de Preços'!B:B) -> 89.9
A3: José Oliveira | B3: José | C3: Calça | D3: 43727 | E3: 3 | F3: =_xlfn.XLOOKUP(Tabela1[[#This Row],[Produto vendido]],'Tabela de Preços'!A:A,'Tabela de Preços'!B:B) -> 89.9
A4: Maria Helena | B4: Alvaro | C4: Camisa | D4: 43734 | E4: 5 | F4: =_xlfn.XLOOKUP(Tabela1[[#This Row],[Produto vendido]],'Tabela de Preços'!A:A,'Tabela de Preços'!B:B) -> 79.9
A5: Carla França | B5: Roberta | C5: Relógio | D5: 43741 | E5: 1 | F5: =_xlfn.XLOOKUP(Tabela1[[#This Row],[Produto vendido]],'Tabela de Preços'!A:A,'Tabela de Preços'!B:B) -> 250
A6: Moisés Ferreira | B6: Alice | C6: Sapato | D6: 43748 | E6: 4 | F6: =_xlfn.XLOOKUP(Tabela1[[#This Row],[Produto vendido]],'Tabela de Preços'!A:A,'Tabela de Preços'!B:B) -> 120
A7: Aline Pereira | B7: Carla | C7: Tênis | D7: 43755 | E7: 2 | F7: =_xlfn.XLOOKUP(Tabela1[[#This Row],[Produto vendido]],'Tabela de Preços'!A:A,'Tabela de Preços'!B:B) -> 142.99
A8: Tabata Moreira | B8: Monica | C8: Relógio | D8: 43762 | E8: 1 | F8: =_xlfn.XLOOKUP(Tabela1[[#This Row],[Produto vendido]],'Tabela de Preços'!A:A,'Tabela de Preços'!B:B) -> 250
A9: Miguel Araujo | B9: Elaine | C9: Sapato | D9: 43769 | E9: 1 | F9: =_xlfn.XLOOKUP(Tabela1[[#This Row],[Produto vendido]],'Tabela de Preços'!A:A,'Tabela de Preços'!B:B) -> 120
A10: João Campos | B10: José | C10: Tênis | D10: 43776 | E10: 5 | F10: =_xlfn.XLOOKUP(Tabela1[[#This Row],[Produto vendido]],'Tabela de Preços'!A:A,'Tabela de Preços'!B:B) -> 142.99
A11: José Oliveira | B11: Alvaro | C11: Calça | D11: 43783 | E11: 9 | F11: =_xlfn.XLOOKUP(Tabela1[[#This Row],[Produto vendido]],'Tabela de Preços'!A:A,'Tabela de Preços'!B:B) -> 89.9
A12: João Campos | B12: Roberta | C12: Calça | D12: 43790 | E12: 1 | F12: =_xlfn.XLOOKUP(Tabela1[[#This Row],[Produto vendido]],'Tabela de Preços'!A:A,'Tabela de Preços'!B:B) -> 89.9
A13: José Oliveira | B13: Alice | C13: Camisa | D13: 43797 | E13: 1 | F13: =_xlfn.XLOOKUP(Tabela1[[#This Row],[Produto vendido]],'Tabela de Preços'!A:A,'Tabela de Preços'!B:B) -> 79.9
... A56: Paloma | B56: Krissia | C56: Calça | D56: 36662 | E56: 7 | F56: =_xlfn.XLOOKUP(Tabela1[[#This Row],[Produto vendido]],'Tabela de Preços'!A:A,'Tabela de Preços'!B:B) -> 89.9

Sheet Tabela de Preços
A1: Produto | B1: Preço Unitário
A2: Calça | B2: 89.9
A3: Camisa | B3: 79.9
A4: Relógio | B4: 250
A5: Sapato | B5: 120
A6: Tênis | B6: 142.99

Sheet Analise
A3: Vendedor | B3: Total Vendas | E3: Cliente | F3: Total Vendas | I3: Cliente | J3: Soma de Quantidade | L3: Cliente | M3: Total Vendas
A4: Aline Pereira | B4: 375.88 | E4: Alice | F4: 542.79 | I4: Aline Pereira | J4: 4 | L4: Calça | M4: 1168.7
A5: Carla França | B5: 1275.98 | E5: Alvaro | F5: 902.69 | I5: Carla França | J5: 24 | L5: Camisa | M5: 479.4
A6: João Campos | B6: 1608.47 | E6: Carla | F6: 1035.98 | I6: João Campos | J6: 24 | L6: Relógio | M6: 3000
A7: José Oliveira | B7: 1715.48 | E7: Elaine | F7: 789.8 | I7: José Oliveira | J7: 29 | L7: Sapato | M7: 1440
A8: Maria Helena | B8: 1122.69 | E8: José | F8: 718.77 | I8: Maria Helena | J8: 22 | L8: Tênis | M8: 1715.88
A9: Miguel Araujo | B9: 459.9 | E9: Krissia | F9: 89.9 | I9: Miguel Araujo | J9: 4 | L9: Total Geral | M9: 7803.98
A10: Moisés Ferreira | B10: 735.88 | E10: Mia | F10: 579.9 | I10: Moisés Ferreira | J10: 11
A11: Paloma | B11: 89.9 | E11: Monica | F11: 699.9 | I11: Paloma | J11: 7
A12: Tabata Moreira | B12: 419.8 | E12: Roberta | F12: 889.7 | I12: Tabata Moreira | J12: 8
A13: Total Geral | B13: 7803.98 | E13: Rose | F13: 365.88 | I13: Total Geral | J13: 133
E14: Solange | F14: 669.8
E15: Thuany | F15: 518.87
E16: Total Geral | F16: 7803.98

Sheet Dash
A1: DASHBOARD VENDAS
V4: TOTAL VENDAS
V6: =GETPIVOTDATA("Total Vendas",Analise!$A$3) -> 7803.98
